dry_bulb_c,humidity_ratio_g_kg,channel_velocity_m_s,working_air_fraction
38.683,8.328,1.419,0.550
40.919,9.688,2.374,0.474
52.934,11.762,1.943,0.215
49.906,19.122,0.776,0.484
42.778,5.925,2.263,0.592
41.320,9.748,2.522,0.335
47.958,16.200,1.639,0.251
37.668,13.424,1.512,0.562
49.819,9.854,2.408,0.338
56.545,12.171,2.236,0.409
39.206,4.568,1.125,0.236
56.722,9.580,2.704,0.512
49.681,15.103,2.751,0.358
35.397,4.276,2.454,0.365
44.046,11.799,1.151,0.326
55.162,6.781,2.873,0.566
50.436,7.021,2.349,0.530
41.162,8.824,0.574,0.326
51.348,7.443,2.619,0.339
38.503,5.805,1.767,0.492
35.040,8.549,0.523,0.537
36.997,16.233,0.907,0.256
41.503,13.333,1.087,0.200
44.630,16.370,2.157,0.430
39.661,17.405,0.800,0.539
53.394,15.452,1.068,0.597
37.832,7.271,0.752,0.330
36.237,10.116,1.792,0.367
35.292,8.772,0.961,0.403
47.964,16.011,1.089,0.563
54.369,13.873,2.725,0.433
48.041,14.083,2.529,0.295
56.300,17.903,1.122,0.285
51.120,7.803,2.833,0.292
54.514,8.332,1.375,0.452
56.233,14.490,0.877,0.484
46.655,17.588,2.190,0.492
56.442,4.178,2.023,0.427
45.375,18.594,1.810,0.297
39.844,8.281,2.924,0.584
44.294,9.189,1.321,0.306
49.626,14.266,2.011,0.323
41.272,18.654,1.038,0.507
55.586,5.055,2.269,0.232
39.427,11.492,2.192,0.398
41.496,16.975,1.387,0.406
39.471,11.939,0.504,0.584
41.886,13.622,1.354,0.237
33.126,15.439,0.946,0.430
48.715,14.048,2.058,0.591
40.060,4.229,1.126,0.338
34.702,18.226,0.920,0.484
48.421,7.919,1.583,0.592
37.408,10.849,1.885,0.497
40.610,17.507,0.660,0.273
44.022,9.603,2.851,0.298
36.755,10.994,1.012,0.429
38.448,13.704,1.459,0.206
44.858,9.606,1.250,0.557
44.909,8.451,2.898,0.371
39.381,12.342,2.660,0.539
40.439,6.861,0.917,0.236
39.977,10.328,2.712,0.522
39.514,7.407,1.975,0.392
45.069,5.977,1.316,0.275
38.299,19.530,2.898,0.476
45.391,17.177,2.363,0.403
39.157,19.337,1.010,0.467
53.962,10.678,2.964,0.343
37.503,8.168,2.111,0.368
54.554,18.399,2.153,0.490
37.457,8.086,1.677,0.434
51.763,10.866,1.487,0.319
48.278,13.936,0.518,0.465
38.229,7.393,2.401,0.453
51.997,11.770,2.011,0.261
39.232,16.656,2.304,0.433
35.139,13.597,1.473,0.201
48.451,9.335,2.417,0.572
46.424,6.290,0.869,0.513
48.863,11.159,2.998,0.441
37.359,11.452,2.444,0.572
39.204,8.437,1.429,0.267
50.121,10.225,2.112,0.502
35.022,10.075,0.870,0.332
54.877,5.757,2.007,0.405
43.717,18.477,2.798,0.557
48.460,16.742,2.390,0.282
40.828,13.688,2.394,0.315
37.474,8.095,2.416,0.343
33.243,12.883,0.890,0.465
38.251,9.861,1.205,0.394
54.750,7.389,2.299,0.469
57.321,8.484,0.796,0.355
44.045,13.245,1.283,0.596
42.469,8.793,0.598,0.241
39.899,14.228,0.983,0.400
57.153,17.751,2.206,0.226
34.455,15.827,2.572,0.395
43.218,18.159,2.967,0.451
37.216,18.124,2.708,0.313
39.004,16.042,2.392,0.305
52.500,11.781,2.640,0.228
38.094,7.491,2.676,0.500
46.801,4.875,2.100,0.451
42.175,10.148,1.775,0.339
45.682,5.877,2.222,0.231
41.336,5.869,2.321,0.565
40.068,8.764,0.676,0.392
40.046,9.464,2.605,0.536
35.135,19.626,1.710,0.503
45.045,6.252,1.878,0.522
55.084,13.954,1.567,0.307
56.681,4.490,0.843,0.475
33.685,17.503,2.668,0.514
55.944,5.748,2.106,0.394
36.038,10.220,1.117,0.449
51.696,11.867,1.392,0.429
55.413,16.667,1.705,0.333
37.198,11.660,0.992,0.479
41.287,8.410,1.987,0.235
42.454,16.752,1.651,0.460
41.671,7.208,2.439,0.347
45.906,19.446,2.486,0.363
33.225,14.369,2.320,0.415
43.567,4.394,1.713,0.267
54.941,19.337,1.883,0.226
35.185,17.811,1.242,0.360
45.102,7.243,1.307,0.421
45.031,19.693,0.743,0.446
52.564,10.725,2.747,0.543
57.114,19.645,1.388,0.234
50.677,12.250,1.503,0.283
39.843,10.502,1.673,0.296
49.753,9.931,2.838,0.566
41.688,15.889,2.202,0.308
52.203,16.314,2.555,0.419
49.894,17.101,0.950,0.394
57.438,16.334,0.971,0.354
54.668,6.353,0.805,0.425
34.153,4.830,2.973,0.535
40.258,8.820,2.110,0.313
54.560,9.290,1.640,0.301
48.021,10.205,1.800,0.514
41.606,13.110,2.204,0.320
34.390,8.379,2.553,0.383
52.072,19.611,2.092,0.326
33.038,10.042,2.416,0.359
35.321,7.458,0.559,0.539
57.838,10.394,0.918,0.492
52.400,11.168,2.931,0.341
54.707,12.783,2.663,0.264
44.929,7.004,1.576,0.578
37.221,11.151,1.494,0.255
46.349,19.041,0.875,0.466
43.646,6.105,0.785,0.529
37.076,16.810,1.600,0.336
37.147,7.895,0.783,0.439
39.454,9.261,2.503,0.579
56.577,18.244,1.999,0.510
57.670,11.391,1.418,0.337
50.592,18.832,2.705,0.587
51.079,4.219,1.016,0.332
51.312,12.842,0.812,0.230
45.935,5.192,0.987,0.411
37.436,12.083,2.733,0.496
54.941,16.111,0.864,0.279
55.010,6.285,0.692,0.205
50.738,7.536,2.127,0.561
56.336,17.449,2.185,0.522
57.500,16.024,1.158,0.500
45.587,13.133,1.588,0.520
51.939,13.423,1.544,0.307
48.415,7.140,2.537,0.503
35.872,12.256,2.136,0.282
40.900,18.377,2.812,0.241
34.693,10.922,2.950,0.260
55.172,5.136,0.914,0.462
46.432,16.499,2.035,0.559
37.440,5.188,2.820,0.372
36.675,10.699,0.944,0.245
37.146,6.438,0.979,0.379
54.924,18.144,0.505,0.321
45.362,14.472,2.245,0.271
41.523,18.875,2.444,0.551
57.980,11.516,0.538,0.226
46.649,19.843,0.541,0.310
40.583,5.218,2.377,0.240
42.266,7.726,1.837,0.214
50.397,16.930,1.160,0.215
36.006,13.453,1.941,0.574
51.956,18.732,1.369,0.384
55.094,9.976,2.377,0.313
44.878,4.037,2.731,0.531
43.933,11.492,0.503,0.542
36.578,6.211,2.346,0.230
43.569,6.521,2.412,0.252
52.110,7.431,1.178,0.517
43.350,7.237,2.239,0.489
48.498,10.747,1.454,0.562
34.094,13.027,1.239,0.519
38.493,17.225,1.944,0.477
38.096,4.454,2.398,0.284
57.529,4.990,2.772,0.253
34.114,9.511,2.737,0.314
38.383,10.734,0.830,0.225
33.785,5.573,2.258,0.323
48.988,16.299,1.914,0.284
49.329,8.072,2.409,0.572
41.638,19.804,2.564,0.273
33.909,14.445,0.772,0.547
43.875,5.082,2.246,0.550
37.283,18.514,1.041,0.515
43.668,11.225,1.490,0.519
42.320,16.854,0.668,0.415
38.527,15.558,2.866,0.491
54.041,8.615,1.972,0.265
50.315,11.900,2.142,0.226
44.766,4.797,1.567,0.370
42.992,4.636,1.337,0.564
35.726,9.399,1.076,0.398
48.076,18.681,1.111,0.371
45.604,15.762,1.500,0.469
55.635,16.234,2.576,0.509
57.223,10.750,0.837,0.323
53.240,19.316,2.816,0.344
54.667,13.062,0.559,0.313
45.395,13.679,2.971,0.542
42.345,18.312,2.534,0.394
44.975,7.750,2.521,0.209
46.281,7.549,2.461,0.474
53.442,12.764,2.338,0.354
36.775,12.708,2.799,0.290
48.014,14.139,0.863,0.554
55.650,5.623,2.324,0.299
38.562,8.497,0.631,0.593
40.197,8.122,1.395,0.468
54.055,11.817,2.320,0.552
49.297,13.418,1.933,0.513
57.137,10.900,1.762,0.214
49.052,18.198,0.637,0.590
56.733,10.584,2.314,0.390
53.671,12.582,1.013,0.236
49.867,5.948,1.775,0.294
37.750,12.014,2.940,0.296
38.338,19.230,1.706,0.350
54.576,18.280,2.194,0.510
41.348,4.200,1.441,0.569
50.161,19.732,2.098,0.363
43.884,12.921,0.774,0.332
44.484,17.070,0.758,0.295
33.264,7.707,0.861,0.490
53.558,5.048,2.265,0.312
40.786,18.230,0.996,0.491
41.428,11.823,0.988,0.471
34.790,8.195,2.094,0.423
48.616,8.191,1.326,0.351
52.465,10.108,2.047,0.307
45.776,7.533,0.902,0.388
44.943,7.964,0.800,0.360
52.303,13.679,1.777,0.411
35.418,18.774,1.113,0.548
46.523,14.329,0.922,0.398
51.722,12.562,0.606,0.221
42.158,6.576,2.866,0.369
54.903,4.101,1.932,0.409
44.420,17.679,2.190,0.565
35.897,17.725,2.771,0.460
57.422,17.958,2.898,0.401
44.398,6.800,2.184,0.397
51.820,4.420,2.965,0.243
34.956,11.643,1.759,0.240
53.221,11.240,1.515,0.543
36.800,12.197,0.921,0.377
36.124,15.472,1.525,0.303
39.911,17.821,1.993,0.496
43.618,11.885,1.349,0.362
45.132,16.414,2.861,0.306
43.707,4.090,0.770,0.469
33.863,7.396,2.793,0.288
47.926,7.946,1.920,0.477
51.549,10.234,1.388,0.283
57.469,17.784,1.072,0.438
46.854,6.787,0.795,0.485
56.297,17.363,0.782,0.371
56.799,6.540,0.599,0.408
38.310,6.511,1.140,0.578
34.659,9.788,2.676,0.367
37.242,11.623,0.793,0.427
51.611,17.747,0.568,0.572
39.524,13.445,1.751,0.236
35.806,8.635,1.336,0.327
56.585,6.438,1.417,0.262
50.090,13.143,0.599,0.470
56.954,16.314,1.600,0.283
41.238,11.071,1.466,0.423
37.806,7.618,2.971,0.485
36.420,8.839,2.900,0.536
56.584,11.211,1.510,0.424
37.104,17.971,2.809,0.437
53.059,18.554,1.956,0.306
38.292,5.687,0.921,0.343
54.573,5.147,2.939,0.294
34.417,8.567,1.489,0.368
42.535,4.027,1.732,0.403
43.048,12.388,2.262,0.321
57.406,19.314,1.077,0.379
55.443,16.248,1.708,0.208
42.611,8.989,1.102,0.249
43.617,4.309,1.120,0.428
50.879,14.365,1.384,0.355
49.003,15.796,2.785,0.395
55.354,17.849,2.133,0.457
50.180,17.769,1.479,0.407
45.883,15.745,1.350,0.375
55.517,12.828,1.531,0.208
41.275,10.105,0.866,0.525
42.186,9.263,2.694,0.419
41.786,16.630,1.428,0.262
45.238,13.602,1.718,0.298
33.868,18.680,0.752,0.576
44.323,16.243,2.772,0.487
40.915,7.770,1.785,0.504
39.080,5.904,2.989,0.390
39.186,4.142,0.772,0.329
52.939,5.233,1.157,0.443
42.640,9.811,2.038,0.249
57.519,18.795,1.513,0.564
43.319,9.196,2.510,0.511
50.443,4.487,1.985,0.370
40.634,17.556,2.667,0.429
53.662,11.234,2.491,0.322
38.327,12.522,0.559,0.599
39.880,14.225,2.849,0.368
40.313,5.594,0.868,0.436
36.234,12.316,1.369,0.398
51.765,8.618,1.848,0.333
43.788,7.916,2.710,0.437
36.149,4.432,1.254,0.228
46.405,11.739,0.574,0.507
45.208,4.727,0.777,0.238
45.631,5.394,2.490,0.375
50.812,13.548,1.004,0.589
34.663,14.048,2.174,0.432
45.299,17.797,2.210,0.551
34.290,18.658,2.892,0.264
57.402,11.898,2.999,0.217
49.497,17.173,1.092,0.529
37.230,6.867,2.611,0.582
55.989,12.643,1.486,0.460
37.375,18.823,1.051,0.493
41.865,5.033,1.349,0.493
34.187,16.627,1.012,0.488
42.282,6.572,2.997,0.410
51.285,4.687,0.532,0.338
36.047,12.581,2.632,0.367
52.425,17.965,2.263,0.520
43.677,9.330,1.909,0.492
53.058,7.649,1.058,0.201
37.348,9.001,1.301,0.344
55.559,7.635,2.873,0.358
51.182,12.293,2.549,0.344
34.206,5.699,0.807,0.254
44.981,6.852,1.600,0.309
34.638,16.456,2.870,0.434
51.061,7.533,0.582,0.287
42.082,14.753,1.828,0.260
52.354,11.166,2.321,0.245
55.063,5.768,1.162,0.545
37.409,9.816,1.525,0.444
53.259,7.480,2.826,0.372
42.644,16.339,2.035,0.355
42.557,18.353,2.625,0.488
49.358,15.007,2.243,0.281
57.353,11.946,1.068,0.384
50.062,19.566,0.884,0.383
38.527,7.093,2.031,0.308
33.011,5.294,1.304,0.294
35.785,7.406,0.674,0.495
40.367,11.790,0.642,0.524
34.723,15.900,2.522,0.532
34.658,5.537,2.309,0.256
56.659,19.074,2.626,0.376
36.792,11.978,0.533,0.225
41.348,16.905,1.999,0.237
57.146,15.182,0.874,0.287
46.342,5.446,2.713,0.437
50.317,17.217,2.056,0.207
40.190,9.413,0.597,0.572
49.652,12.745,2.672,0.233
37.076,13.968,1.122,0.577
41.652,9.533,2.875,0.446
55.665,8.062,1.330,0.231
51.239,10.563,2.449,0.502
44.556,15.710,1.766,0.347
44.447,14.445,1.687,0.519
51.557,11.837,1.255,0.455
42.946,17.038,2.985,0.417
43.813,7.086,2.697,0.430
47.193,18.235,2.992,0.574
46.994,10.339,0.724,0.457
44.511,4.344,2.020,0.417
48.112,12.559,1.744,0.591
36.747,11.566,1.233,0.596
51.473,8.360,2.045,0.280
37.064,12.558,2.898,0.429
53.215,15.197,2.361,0.599
47.318,18.969,2.116,0.495
56.395,4.569,1.403,0.260
43.434,13.298,1.950,0.440
49.459,19.413,0.512,0.503
34.837,9.550,1.142,0.525
40.586,18.606,2.102,0.215
37.055,9.382,2.122,0.211
49.712,15.801,0.816,0.291
36.027,10.560,1.371,0.350
45.462,14.170,2.923,0.340
39.317,14.718,1.044,0.500
37.196,6.306,0.900,0.360
53.334,6.928,1.762,0.427
39.096,12.241,1.415,0.511
34.997,6.548,1.803,0.451
42.811,17.267,0.667,0.550
38.268,14.306,2.198,0.400
50.850,5.284,1.512,0.408
48.467,17.849,0.732,0.568
56.724,16.799,1.807,0.294
54.284,17.756,1.975,0.300
40.653,4.097,1.286,0.298
54.525,5.542,1.090,0.341
39.325,6.430,2.715,0.335
54.336,5.387,2.093,0.592
36.625,14.361,1.273,0.210
56.216,19.386,2.456,0.350
47.111,15.651,1.515,0.311
44.437,4.993,1.692,0.469
43.074,18.357,0.864,0.450
42.437,9.480,1.259,0.216
36.931,11.430,1.412,0.588
48.780,15.488,2.557,0.286
41.896,13.421,1.057,0.355
55.011,17.928,1.801,0.439
36.092,7.145,1.111,0.344
44.700,7.627,2.360,0.358
47.634,6.176,0.872,0.571
51.224,8.051,1.726,0.426
49.380,12.271,1.147,0.521
43.663,5.803,2.277,0.375
51.288,18.065,2.703,0.500
50.750,16.971,2.951,0.376
42.539,16.248,2.223,0.483
43.700,19.307,0.513,0.504
41.863,12.977,2.348,0.504
52.438,15.085,2.327,0.355
36.575,8.508,2.541,0.429
53.388,18.676,2.345,0.342
47.703,17.561,0.877,0.557
42.279,14.274,2.831,0.598
56.560,7.088,1.149,0.315
56.945,13.300,2.522,0.263
57.215,9.794,0.823,0.276
35.523,7.213,0.705,0.413
45.264,11.654,1.208,0.372
56.021,14.029,0.749,0.273
33.222,18.011,1.295,0.400
40.499,10.139,0.894,0.214
44.488,7.153,2.679,0.380
39.951,8.885,2.445,0.521
47.288,13.168,2.680,0.569
46.405,14.052,1.962,0.465
54.103,9.349,1.089,0.560
38.988,17.451,0.602,0.231
51.902,10.771,0.734,0.212
45.338,12.947,1.178,0.349
57.132,16.848,1.192,0.461
54.457,18.148,1.222,0.351
33.514,11.559,2.585,0.548
42.989,4.508,2.309,0.325
39.376,16.087,1.931,0.426
45.201,6.584,1.568,0.512
57.905,13.301,1.101,0.266
47.481,18.315,1.988,0.382
34.726,13.740,1.160,0.500
51.684,17.816,2.523,0.587
38.021,10.789,2.794,0.513
44.569,5.773,1.855,0.531
48.899,10.839,0.602,0.420
55.820,17.304,2.213,0.581
41.532,8.106,1.290,0.504
49.626,19.327,2.818,0.224
33.883,6.358,0.694,0.429
34.561,15.155,2.271,0.365
43.635,16.777,2.383,0.312
47.745,7.835,0.609,0.339
40.084,15.898,2.586,0.447
51.567,18.656,1.077,0.507
41.022,9.284,2.459,0.210
39.755,8.184,2.569,0.302
50.398,8.978,1.886,0.296
50.715,12.103,2.003,0.328
